Nationalitätszeichen ,Unterscheidungszeichen,StadtOderKreis,Bundesland.Name,Bundesland.Iso3166-2,Fußnoten,Bemerkung
D,A,Augsburg,Bayern,DE-BY,1,
D,AA,Ostalbkreis,Baden-Württemberg,DE-BW,,
D,AB,Aschaffenburg,Bayern,DE-BY,1,
D,ABG,Altenburger Land,Thüringen,DE-TH,,
D,ABI,Anhalt-Bitterfeld,Sachsen-Anhalt,DE-ST,,
D,AC,Aachen,Nordrhein-Westfalen,DE-NW,,
D,AE,Vogtlandkreis,Sachsen,DE-SN,,
D,AH,Borken,Nordrhein-Westfalen,DE-NW,,
D,AIB,"München, Rosenheim",Bayern,DE-BY,3,
D,AIC,Aichach-Friedberg,Bayern,DE-BY,,
D,AK,Altenkirchen (Westerwald),Rheinland-Pfalz,DE-RP,,
D,ALF,Hildesheim,Niedersachsen,DE-NI,,
D,ALZ,Aschaffenburg,Bayern,DE-BY,,
D,AM,"Amberg, Stadt",Bayern,DE-BY,1,"auslaufend Kreis, Abwicklung: Zulassungsbehörde Kreis Amberg-Sulzbach"
D,AN,Ansbach,Bayern,DE-BY,1,
D,ANA,Erzgebirgskreis,Sachsen,DE-SN,,
D,ANG,Uckermark,Brandenburg,DE-BB,,
D,ANK,Vorpommern-Greifswald,Mecklenburg-Vorpommern,DE-MV,,
D,AP,Weimarer Land,Thüringen,DE-TH,,
D,APD,Weimarer Land,Thüringen,DE-TH,,
D,ARN,Ilm-Kreis,Thüringen,DE-TH,,
D,ART,Kyffhäuserkreis,Thüringen,DE-TH,,
D,AS,Amberg-Sulzbach,Bayern,DE-BY,,
D,ASL,Salzlandkreis,Sachsen-Anhalt,DE-ST,,
D,ASZ,Erzgebirgskreis,Sachsen,DE-SN,,
D,AT,Mecklenburgische Seenplatte,Mecklenburg-Vorpommern,DE-MV,,
D,AU,Erzgebirgskreis,Sachsen,DE-SN,,
D,AUR,Aurich,Niedersachsen,DE-NI,,
D,AW,Ahrweiler,Rheinland-Pfalz,DE-RP,,
D,AZ,Alzey-Worms,Rheinland-Pfalz,DE-RP,,
D,AZE,Anhalt-Bitterfeld,Sachsen-Anhalt,DE-ST,,
D,AÖ,Altötting,Bayern,DE-BY,,
D,B,Berlin,Berlin,DE-BE,,
D,BA,Bamberg,Bayern,DE-BY,1,
D,BAD,"Baden-Baden, Stadt",Baden-Württemberg,DE-BW,,
D,BAR,Barnim,Brandenburg,DE-BB,,
D,BB,Böblingen,Baden-Württemberg,DE-BW,,
D,BBG,Salzlandkreis,Sachsen-Anhalt,DE-ST,,
D,BC,Biberach,Baden-Württemberg,DE-BW,,
D,BCH,Neckar-Odenwald-Kreis,Baden-Württemberg,DE-BW,,
D,BE,Warendorf,Nordrhein-Westfalen,DE-NW,,
D,BED,Mittelsachsen,Sachsen,DE-SN,,
D,BER,Barnim,Brandenburg,DE-BB,,
D,BF,Steinfurt,Nordrhein-Westfalen,DE-NW,,
D,BGD,Berchtesgadener Land,Bayern,DE-BY,,
D,BGL,Berchtesgadener Land,Bayern,DE-BY,,
D,BH,"Ortenaukreis, Raststatt",Baden-Württemberg,DE-BW,,
D,BI,"Bielefeld, Stadt",Nordrhein-Westfalen,DE-NW,,
D,BID,Marburg-Biedenkopf,Hessen,DE-HE,,
D,BIN,Mainz-Bingen,Rheinland-Pfalz,DE-RP,,
D,BIR,Birkenfeld,Rheinland-Pfalz,DE-RP,,
D,BIT,Eifelkreis Bitburg-Prüm,Rheinland-Pfalz,DE-RP,,
D,BIW,Bautzen,Sachsen,DE-SN,,
D,BK,"Börde, Rems-Murr-Kreis, Schwäbisch Hall",Baden-Württemberg,DE-BW,"4,5,5",
D,BKS,Bernkastel-Wittlich,Rheinland-Pfalz,DE-RP,,
D,BL,Zollernalbkreis,Baden-Württemberg,DE-BW,,
D,BLB,Siegen-Wittgenstein,Nordrhein-Westfalen,DE-NW,,
D,BLK,Burgenlandkreis,Sachsen-Anhalt,DE-ST,,
D,BM,Rhein-Erft-Kreis,Nordrhein-Westfalen,DE-NW,,
D,BN,"Bonn, Stadt",Nordrhein-Westfalen,DE-NW,,
D,BNA,Leipzig,Sachsen,DE-SN,,
D,BO,"Bochum, Stadt",Nordrhein-Westfalen,DE-NW,,
D,BOG,Straubing-Bogen,Bayern,DE-BY,,
D,BOH,Borken,Nordrhein-Westfalen,DE-NW,,
D,BOR,Borken,Nordrhein-Westfalen,DE-NW,,
D,BOT,"Bottrop, Stadt",Nordrhein-Westfalen,DE-NW,,
D,BRA,Wesermarsch,Niedersachsen,DE-NI,,
D,BRB,"Brandenburg, Stadt",Brandenburg,DE-BB,,"auslaufend Kreis, Abwicklung: Zulassungsbehörde Kreis Potsdam-Mittelmark"
D,BRG,Jerichower Land,Sachsen-Anhalt,DE-ST,,
D,BRK,Bad Kissingen,Bayern,DE-BY,,
D,BRL,Goslar,Niedersachsen,DE-NI,,
D,BRV,Rotenburg (Wümme),Niedersachsen,DE-NI,,
D,BS,"Braunschweig, Stadt",Niedersachsen,DE-NI,,
D,BSB,Osnabrück,Niedersachsen,DE-NI,,
D,BSK,Oder-Spree,Brandenburg,DE-BB,,
D,BT,Bayreuth,Bayern,DE-BY,1,
D,BTF,Anhalt-Bitterfeld,Sachsen-Anhalt,DE-ST,,
D,BUL,"Amberg-Sulzbach, Schwandorf",Bayern,DE-BY,"3,3",
D,BZ,Bautzen,Sachsen,DE-SN,,
D,BÖ,Börde,Sachsen-Anhalt,DE-ST,,
D,BÜD,Wetteraukreis,Hessen,DE-HE,,
D,BÜR,Paderborn,Nordrhein-Westfalen,DE-NW,,
D,BÜS,"Konstanz, Gemeinde Büsingen am Hochrhein",Baden-Württemberg,DE-BW,,
D,BÜZ,"Rostock, Landkreis",Mecklenburg-Vorpommern,DE-MV,,
D,C,"Chemnitz, Stadt",Sachsen,DE-SN,,"auslaufend Kreis, Abwicklung: Zulassungsbehörde Zwickau"
D,CA ,Oberspreewald-Lausitz,Brandenburg,DE-BB,,
D,CAS,Recklinghausen,Nordrhein-Westfalen,DE-NW,,
D,CB,"Cottbus, Stadt",Brandenburg,DE-BB,,"auslaufend Kreis, Abwicklung: Zulassungsbehörde Spree-Neiße"
D,CE,Celle,Niedersachsen,DE-NI,,
D,CHA,Cham,Bayern,DE-BY,,
D,CLP,Cloppenburg,Niedersachsen,DE-NI,,
D,CLZ,Goslar,Niedersachsen,DE-NI,,
D,CO,"Zulassungsstelle Coburg, Zweckverband",Bayern,DE-BY,,
D,COC,Cochem-Zell,Rheinland-Pfalz,DE-RP,,
D,COE,Coesfeld,Nordrhein-Westfalen,DE-NW,,
D,CR,Schwäbisch Hall,Baden-Württemberg,DE-BW,,
D,CUX,Cuxhaven,Niedersachsen,DE-NI,,
D,CW,Calw,Baden-Württemberg,DE-BW,,
D,D,"Düsseldorf, Stadt",Nordrhein-Westfalen,DE-NW,,
D,DA,Darmstadt,Hessen,DE-HE,2,
D,DAH,Dachau,Bayern,DE-BY,,
D,DAN,Lüchow-Dannenberg,Niedersachsen,DE-NI,,
D,DAU,Vulkaneifel,Rheinland-Pfalz,DE-RP,,
D,DBR,"Rostock, Landkreis",Mecklenburg-Vorpommern,DE-MV,,
D,DD,"Dresden, Stadt",Sachsen,DE-SN,6,
D,DE,"Dessau-Roßlau, Stadt",Sachsen-Anhalt,DE-ST,,
D,DEG,Deggendorf,Bayern,DE-BY,,
D,DEL,"Delmenhorst, Stadt",Niedersachsen,DE-NI,,
D,DGF,Dingolfing-Landau,Bayern,DE-BY,,
D,DH,Diepholz,Niedersachsen,DE-NI,,
D,DI ,Darmstadt-Dieburg,Hessen,DE-HE,,
D,DIL,Lahn-Dill-Kreis,Hessen,DE-HE,,
D,DIN,Wesel,Nordrhein-Westfalen,DE-NW,,
D,DIZ,Rhein-Lahn-Kreis,Rheinland-Pfalz,DE-RP,,
D,DKB,Ansbach,Bayern,DE-BY,,
D,DL,Mittelsachsen,Sachsen,DE-SN,,
D,DLG,Dillingen an der Donau,Bayern,DE-BY,,
D,DM,Mecklenburgische Seenplatte,Mecklenburg-Vorpommern,DE-MV,,
D,DN,Düren,Nordrhein-Westfalen,DE-NW,,
D,DO,"Dortmund, Stadt",Nordrhein-Westfalen,DE-NW,,
D,DON,Donau-Ries in Donauwörth,Bayern,DE-BY,,
D,DS,Schwarzwald-Baar-Kreis,Baden-Württemberg,DE-BW,,
D,DU,"Duisburg, Stadt",Nordrhein-Westfalen,DE-NW,,
D,DUD,Göttingen,Niedersachsen,DE-NI,,
D,DW,Sächsische Schweiz-Osterzgebirge,Sachsen,DE-SN,,
D,DZ,Nordsachsen,Sachsen,DE-SN,,
D,DÜW,Bad Dürkheim,Rheinland-Pfalz,DE-RP,,
D,E,"Essen, Stadt",Nordrhein-Westfalen,DE-NW,,
D,EA,Wartburgkreis,Thüringen,DE-TH,,
D,EB,Nordsachsen,Sachsen,DE-SN,,
D,EBE,Ebersberg,Bayern,DE-BY,,
D,EBN,Haßberge,Bayern,DE-BY,,
D,EBS,"Bayreuth, Forchheim, Kulmbach",Bayern,DE-BY,"3,3,3",
D,ECK,Rendsburg-Eckernförde,Schleswig-Holstein,DE-SH,,
D,ED,Erding,Bayern,DE-BY,,
D,EE,Elbe-Elster,Brandenburg,DE-BB,,
D,EF,"Erfurt, Stadt",Thüringen,DE-TH,,"auslaufend Kreis, Abwicklung: Zulassungsbehörde Sömmerda"
D,EG,Rottal-Inn,Bayern,DE-BY,,
D,EH,Oder-Spree,Brandenburg,DE-BB,,
D,EI,Eichstätt,Bayern,DE-BY,,
D,EIC,Eichsfeld,Thüringen,DE-TH,,
D,EIL,Mansfeld-Südharz,Sachsen-Anhalt,DE-ST,,
D,EIN,Northeim,Niedersachsen,DE-NI,,
D,EIS,Saale-Holzland-Kreis,Thüringen,DE-TH,,
D,EL,Emsland,Niedersachsen,DE-NI,,
D,EM,Emmendingen,Baden-Württemberg,DE-BW,,
D,EMD,"Emden, Stadt",Niedersachsen,DE-NI,,
D,EMS,Rhein-Lahn-Kreis,Rheinland-Pfalz,DE-RP,,
D,EN,Ennepe-Ruhr-Kreis,Nordrhein-Westfalen,DE-NW,,
D,ER,"Erlangen, Stadt",Bayern,DE-BY,1,"auslaufend Kreis, Abwicklung: Zulassungsbehörde Erlangen-Höchstadt"
D,ERB,Odenwaldkreis,Hessen,DE-HE,,
D,ERH,Erlangen-Höchstadt,Bayern,DE-BY,,
D,ERK,Heinsberg,Nordrhein-Westfalen,DE-NW,,
D,ERZ,Erzgebirgskreis,Sachsen,DE-SN,,
D,ES,Esslingen,Baden-Württemberg,DE-BW,,
D,ESB,"Amberg-Sulzbach, Bayreuth, Neustadt a. d. Waldnaab, Nürnberger Land",Bayern,DE-BY,"3,3,3,3",
D,ESW,Werra-Meißner-Kreis,Hessen,DE-HE,,
D,EU,Euskirchen,Nordrhein-Westfalen,DE-NW,,
D,EW,Barnim,Brandenburg,DE-BB,,
D,F,"Frankfurt/Main, Stadt",Hessen,DE-HE,,
D,FB,Wetteraukreis in Friedberg Hessen,Hessen,DE-HE,,
D,FD,Fulda,Hessen,DE-HE,,
D,FDB,Aichach-Friedberg,Bayern,DE-BY,,
D,FDS,Freudenstadt,Baden-Württemberg,DE-BW,,
D,FEU,Ansbach,Bayern,DE-BY,,
D,FF,"Frankfurt (Oder), Stadt",Brandenburg,DE-BB,,
D,FFB,Fürstenfeldbruck,Bayern,DE-BY,,
D,FG,Mittelsachsen,Sachsen,DE-SN,,
D,FI,Elbe-Elster,Brandenburg,DE-BB,,
D,FKB,Waldeck-Frankenberg,Hessen,DE-HE,,
D,FL,Flensburg,Schleswig-Holstein,DE-SH,,
D,FLÖ,Mittelsachsen,Sachsen,DE-SN,,
D,FN,Bodenseekreis,Baden-Württemberg,DE-BW,,
D,FO,Forchheim,Bayern,DE-BY,,
D,FOR,Spree-Neiße,Brandenburg,DE-BB,,
D,FR,"Freiburg im Breisgau, Stadt, Breisgau-Hochschwarzwald",Baden-Württemberg,DE-BW,"3,3",
D,FRG,Freyung-Grafenau,Bayern,DE-BY,,
D,FRI,Friesland,Niedersachsen,DE-NI,,
D,FRW,Märkisch-Oderland,Brandenburg,DE-BB,,
D,FS,"Freising, Moosburg",Bayern,DE-BY,"3,3",
D,FT,"Frankenthal (Pfalz), Stadt",Rheinland-Pfalz,DE-RP,,"auslaufend Kreis, Abwicklung: Zulassungsbehörde Bad Dürkheim und Rhein-Pfalz-Kreis"
D,FTL,Sächsische Schweiz-Osterzgebirge,Sachsen,DE-SN,,
D,FW,Oder-Spree,Brandenburg,DE-BB,,
D,FZ,Schwalm-Eder-Kreis,Hessen,DE-HE,,
D,FÜ,Fürth,Bayern,DE-BY,1,
D,FÜS,Ostallgäu,Bayern,DE-BY,,
D,G,"Gera, Stadt",Thüringen,DE-TH,,"auslaufend Kreis, Abwicklung: Zulassungsbehörde Greiz"
D,GA ,Altmarkkreis Salzwedel,Sachsen-Anhalt,DE-ST,,
D,GAN,Northeim,Niedersachsen,DE-NI,,
D,GAP,Garmisch-Partenkirchen,Bayern,DE-BY,,
D,GC,Zwickau,Sachsen,DE-SN,,
D,GD,Ostalbkreis,Baden-Württemberg,DE-BW,,
D,GDB,Nordwestmecklenburg,Mecklenburg-Vorpommern,DE-MV,,
D,GE,"Gelsenkirchen, Stadt",Nordrhein-Westfalen,DE-NW,,
D,GEL,Kleve,Nordrhein-Westfalen,DE-NW,,
D,GEO,"Haßberge, Schweinfurt",Bayern,DE-BY,"3,3",
D,GER,Germersheim,Rheinland-Pfalz,DE-RP,,
D,GF,Gifhorn,Niedersachsen,DE-NI,,
D,GG,Groß-Gerau,Hessen,DE-HE,,
D,GHA,Leipzig,Sachsen,DE-SN,,
D,GHC,Wittenberg,Sachsen-Anhalt,DE-ST,,
D,GI,Gießen,Hessen,DE-HE,,
D,GK,Heinsberg,Nordrhein-Westfalen,DE-NW,,
D,GL,Rheinisch-Bergischer Kreis,Nordrhein-Westfalen,DE-NW,,
D,GLA,Recklinghausen,Nordrhein-Westfalen,DE-NW,,
D,GM,Oberbergischer Kreis,Nordrhein-Westfalen,DE-NW,,
D,GMN,Vorpommern-Rügen,Mecklenburg-Vorpommern,DE-MV,,
D,GN,Main-Kinzig-Kreis,Hessen,DE-HE,,
D,GNT,Jerichower Land,Sachsen-Anhalt,DE-ST,,
D,GOA,Rhein-Hunsrück-Kreis,Rheinland-Pfalz,DE-RP,,
D,GOH,Rhein-Lahn-Kreis,Rheinland-Pfalz,DE-RP,,
D,GP,Göppingen,Baden-Württemberg,DE-BW,,
D,GR,Görlitz,Sachsen,DE-SN,,
D,GRA,Freyung-Grafenau,Bayern,DE-BY,,
D,GRH,Meißen,Sachsen,DE-SN,,
D,GRI,Rottal-Inn,Bayern,DE-BY,,
D,GRM,Leipzig,Sachsen,DE-SN,,
D,GRZ,Greiz,Thüringen,DE-TH,,
D,GS,Goslar,Niedersachsen,DE-NI,,
D,GT,Gütersloh,Nordrhein-Westfalen,DE-NW,,
D,GTH,Gotha,Thüringen,DE-TH,,
D,GUB,Spree-Neiße,Brandenburg,DE-BB,,
D,GUN,Weißenburg-Gunzenhausen,Bayern,DE-BY,,
D,GV,Rhein-Kreis Neuss,Nordrhein-Westfalen,DE-NW,,
D,GVM,Nordwestmecklenburg,Mecklenburg-Vorpommern,DE-MV,,
D,GW,Vorpommern-Greifswald,Mecklenburg-Vorpommern,DE-MV,,
D,GZ,Günzburg,Bayern,DE-BY,,
D,GÖ,Göttingen,Niedersachsen,DE-NI,1,
D,GÜ,Landkreis Rostock,Mecklenburg-Vorpommern,DE-MV,,
D,H,Hannover,Niedersachsen,DE-NI,1,
D,HA,"Hagen, Stadt",Nordrhein-Westfalen,DE-NW,,
D,HAB,Bad Kissingen,Bayern,DE-BY,,
D,HAL,"Halle, Stadt",Sachsen-Anhalt,DE-ST,,
D,HAM,"Hamm, Stadt",Nordrhein-Westfalen,DE-NW,,
D,HAS,Haßberge,Bayern,DE-BY,,
D,HB,Freie Hansestadt Bremen,Bremen,DE-HB,1,
D,HBN,Hildburghausen,Thüringen,DE-TH,,
D,HBS,Harz,Sachsen-Anhalt,DE-ST,,
D,HC ,Mittelsachsen,Sachsen,DE-SN,,
D,HCH,"Freudenstadt, Zollernalbkreis",Baden-Württemberg,DE-BW,"3,3",
D,HD,"Heidelberg, Stadt, Rhein-Neckar-, Kreis",Baden-Württemberg,DE-BW,"3,3",
D,HDH,Heidenheim,Baden-Württemberg,DE-BW,,
D,HDL,Börde,Sachsen-Anhalt,DE-ST,,
D,HE,Helmstedt,Niedersachsen,DE-NI,,
D,HEB,Nürnberger Land,Bayern,DE-BY,,
D,HEF,Hersfeld-Rotenburg,Hessen,DE-HE,,
D,HEI,Dithmarschen,Schleswig-Holstein,DE-SH,,
D,HER,"Herne, Stadt",Nordrhein-Westfalen,DE-NW,,
D,HET,Mansfeld-Südharz,Sachsen-Anhalt,DE-ST,,
D,HF,Herford,Nordrhein-Westfalen,DE-NW,,
D,HG,Hochtaunuskreis,Hessen,DE-HE,,
D,HGN,Ludwigslust-Parchim,Mecklenburg-Vorpommern,DE-MV,,
D,HGW,Hansestadt Greifswald,Mecklenburg-Vorpommern,DE-MV,,
D,HH,Freie und Hansestadt Hamburg,Hamburg,DE-HH,,
D,HHM,Burgenlandkreis,Sachsen-Anhalt,DE-ST,,
D,HI,Hildesheim,Niedersachsen,DE-NI,,
D,HIG,Eichsfeld,Thüringen,DE-TH,,
D,HIP,Roth,Bayern,DE-BY,,
D,HK,Heidekreis,Niedersachsen,DE-NI,,
D,HL,Hansestadt Lübeck,Schleswig-Holstein,DE-SH,,
D,HM,Hameln-Pyrmont,Niedersachsen,DE-NI,,
D,HMÜ,Göttingen,Niedersachsen,DE-NI,,
D,HN,Heilbronn,Baden-Württemberg,DE-BW,1,
D,HO,Hof,Bayern,DE-BY,1,
D,HOG,Kassel,Hessen,DE-HE,,
D,HOH,Haßberge,Bayern,DE-BY,,
D,HOL,Holzminden,Niedersachsen,DE-NI,,
D,HOM,Saarpfalz-Kreis außer Stadt St. Ingbert (IGB),Saarland,DE-SL,,
D,HOR,Freudenstadt,Baden-Württemberg,DE-BW,,
D,HOT,Zwickau,Sachsen,DE-SN,,
D,HP,Bergstraße,Hessen,DE-HE,,
D,HR,Schwalm-Eder-Kreis,Hessen,DE-HE,,
D,HRO,Hansestadt Rostock,Mecklenburg-Vorpommern,DE-MV,,
D,HS,Heinsberg,Nordrhein-Westfalen,DE-NW,,
D,HSK,Hochsauerlandkreis,Nordrhein-Westfalen,DE-NW,,
D,HST,"Hansestadt Stralsund, Stadt",Mecklenburg-Vorpommern,DE-MV,1,"auslaufend Kreis, Abwicklung: Zulassungsbehörde Vorpommern-Rügen"
D,HU,"Hanau, Main-Kinzig-Kreis",Hessen,DE-HE,"2,2",
D,HV,Stendal,Sachsen-Anhalt,DE-ST,,
D,HVL,Havelland,Brandenburg,DE-BB,,
D,HWI,Hansestadt Wismar,Mecklenburg-Vorpommern,DE-MV,,
D,HX,Höxter,Nordrhein-Westfalen,DE-NW,,
D,HY,Bautzen,Sachsen,DE-SN,,
D,HZ,Harz,Sachsen-Anhalt,DE-ST,,
D,HÖS,Erlangen-Höchstadt,Bayern,DE-BY,,
D,IGB,"St. Ingbert, Stadt",Saarland,DE-SL,,
D,IK,Ilm-Kreis,Thüringen,DE-TH,,
D,IL,Ilm-Kreis,Thüringen,DE-TH,,
D,ILL,Neu-Ulm,Bayern,DE-BY,,
D,IN,"Ingolstadt, Stadt",Bayern,DE-BY,,"auslaufend Kreis, Abwicklung: Zulassungsbehörde Eichstätt"
D,IZ,Steinburg,Schleswig-Holstein,DE-SH,,
D,J,"Jena, Stadt",Thüringen,DE-TH,,"auslaufend Kreis, Abwicklung: Zulassungsbehörde Saale-Holzland-Kreis"
D,JE,Wittenberg,Sachsen-Anhalt,DE-ST,,
D,JL,Jerichower Land,Sachsen-Anhalt,DE-ST,,
D,JÜL,Düren,Nordrhein-Westfalen,DE-NW,,
D,K,"Köln, Stadt",Nordrhein-Westfalen,DE-NW,,
D,KA,Karlsruhe,Baden-Württemberg,DE-BW,1,
D,KB,Waldeck-Frankenberg,Hessen,DE-HE,,
D,KC,Kronach,Bayern,DE-BY,,
D,KE,"Kempten (Allgäu), Stadt",Bayern,DE-BY,1,"auslaufend Kreis, Abwicklung: Zulassungsbehörde Oberallgäu"
D,KEH,Kelheim,Bayern,DE-BY,,
D,KEL,Ortenaukreis,Baden-Württemberg,DE-BW,,
D,KEM,"Bayreuth, Tirschenreuth",Bayern,DE-BY,"3,3",
D,KF,"Kaufbeuren, Stadt",Bayern,DE-BY,,"auslaufend Kreis, Abwicklung: Zulassungsbehörde Ostallgäu"
D,KG,Bad Kissingen,Bayern,DE-BY,,
D,KH,Bad Kreuznach,Rheinland-Pfalz,DE-RP,,
D,KI,Kiel,Schleswig-Holstein,DE-SH,,
D,KIB,Donnersbergkreis,Rheinland-Pfalz,DE-RP,,
D,KK,Viersen,Nordrhein-Westfalen,DE-NW,,
D,KL,Kaiserslautern,Rheinland-Pfalz,DE-RP,,
D,KLE,Kleve,Nordrhein-Westfalen,DE-NW,,
D,KLZ,Altmarkkreis Salzwedel,Sachsen-Anhalt,DE-ST,,
D,KM,Bautzen,Sachsen,DE-SN,,
D,KN,Konstanz,Baden-Württemberg,DE-BW,,
D,KO,"Koblenz, Stadt",Rheinland-Pfalz,DE-RP,,"auslaufend Kreis, Abwicklung: Zulassungsbehörde Kreis Mayen-Koblenz"
D,KR,"Krefeld, Stadt",Nordrhein-Westfalen,DE-NW,,
D,KRU,Günzburg,Bayern,DE-BY,,
D,KS,Kassel,Hessen,DE-HE,3,
D,KT,Kitzingen,Bayern,DE-BY,,
D,KU,Kulmbach,Bayern,DE-BY,,
D,KUS,Kusel,Rheinland-Pfalz,DE-RP,,
D,KW,Dahme-Spreewald,Brandenburg,DE-BB,,
D,KY ,Ostprignitz-Ruppin,Brandenburg,DE-BB,,
D,KYF,Kyffhäuserkreis,Thüringen,DE-TH,,
D,KÖN,Rhön-Grabfeld,Bayern,DE-BY,,
D,KÖT,Anhalt-Bitterfeld,Sachsen-Anhalt,DE-ST,,
D,KÖZ,Cham,Bayern,DE-BY,,
D,KÜN,Hohenlohekreis,Baden-Württemberg,DE-BW,,
D,L,Leipzig,Sachsen,DE-SN,1,
D,LA,Landshut,Bayern,DE-BY,1,
D,LAN,Dingolfing-Landau,Bayern,DE-BY,,
D,LAU,Nürnberger Land,Bayern,DE-BY,,
D,LB,Ludwigsburg,Baden-Württemberg,DE-BW,,
D,LBS,Saale-Orla-Kreis,Thüringen,DE-TH,,
D,LBZ,Ludwigslust-Parchim,Mecklenburg-Vorpommern,DE-MV,,
D,LC,Dahme-Spreewald,Brandenburg,DE-BB,,
D,LD,"Landau in der Pfalz, Stadt",Rheinland-Pfalz,DE-RP,,"auslaufend Kreis, Abwicklung: Zulassungsbehörde Kreis Südliche Weinstraße"
D,LDK,"Lahn-Dill-Kreis in Wetzlar, Kreis",Hessen,DE-HE,,
D,LDS,Dahme-Spreewald,Brandenburg,DE-BB,,
D,LEO,Böblingen,Baden-Württemberg,DE-BW,,
D,LER,Leer,Niedersachsen,DE-NI,,
D,LEV,"Leverkusen, Stadt",Nordrhein-Westfalen,DE-NW,,
D,LF,"Altötting, Berchtesgadener Land,Traunstein",Bayern,DE-BY,"3,3,3",
D,LG,Lüneburg,Niedersachsen,DE-NI,,
D,LH,"Coesfeld, Unna",Nordrhein-Westfalen,DE-NW,"3,3",
D,LI,Lindau (Bodensee),Bayern,DE-BY,,
D,LIB,Elbe-Elster,Brandenburg,DE-BB,,
D,LIF,Lichtenfels,Bayern,DE-BY,,
D,LIP,Lippe,Nordrhein-Westfalen,DE-NW,,
D,LL,Landsberg am Lech,Bayern,DE-BY,,
D,LM,Limburg-Weilburg,Hessen,DE-HE,,
D,LN,Dahme-Spreewald,Brandenburg,DE-BB,,
D,LOS,Oder-Spree,Brandenburg,DE-BB,,
D,LP,Soest,Nordrhein-Westfalen,DE-NW,,
D,LR,Ortenaukreis,Baden-Württemberg,DE-BW,,
D,LRO,"Rostock, Landkreis",Mecklenburg-Vorpommern,DE-MV,,
D,LSZ,Unstrut-Hainich-Kreis,Thüringen,DE-TH,,
D,LU,Ludwigshafen am Rhein,Rheinland-Pfalz,DE-RP,,"auslaufend Kreis, Abwicklung: Zulassungsbehörde Rheinland-Pfalz-Kreis"
D,LUP,Ludwigslust-Parchim,Mecklenburg-Vorpommern,DE-MV,,
D,LWL,Ludwigslust-Parchim,Mecklenburg-Vorpommern,DE-MV,,
D,LÖ,Lörrach,Baden-Württemberg,DE-BW,,
D,LÖB,Görlitz,Sachsen,DE-SN,,
D,LÜN,Unna,Nordrhein-Westfalen,DE-NW,,
D,M,München,Bayern,DE-BY,1,
D,MA,"Mannheim, Stadt",Baden-Württemberg,DE-BW,,"auslaufend Kreis, Abwicklung: Zulassungsbehörde Rhein-Neckar-Kreis"
D,MAB,Erzgebirgskreis,Sachsen,DE-SN,,
D,MAI,"Kelheim, Landshut",Bayern,DE-BY,"3,3",
D,MAK,Wunsiedel i. Fichtelgebirge,Bayern,DE-BY,,
D,MAL,Landshut Straubing-Bogen,Bayern,DE-BY,"3,3",
D,MB,Miesbach,Bayern,DE-BY,,
D,MC,Mecklenburgische Seenplatte,Mecklenburg-Vorpommern,DE-MV,,
D,MD,"Magdeburg, Stadt",Sachsen-Anhalt,DE-ST,,
D,ME,Mettmann,Nordrhein-Westfalen,DE-NW,,
D,MED,Dithmarschen,Schleswig-Holstein,DE-SH,,
D,MEG,Schwalm-Eder-Kreis,Hessen,DE-HE,,
D,MEI,Meißen,Sachsen,DE-SN,,
D,MEK,Erzgebirgskreis,Sachsen,DE-SN,,
D,MEL,Osnabrück,Niedersachsen,DE-NI,,
D,MER,Saalekreis,Sachsen-Anhalt,DE-ST,,
D,MET,Rhön-Grabfeld,Bayern,DE-BY,,
D,MG,"Mönchengladbach, Stadt",Nordrhein-Westfalen,DE-NW,,
D,MGH,Main-Tauber-Kreis,Baden-Württemberg,DE-BW,,
D,MGN,Schmalkalden-Meiningen,Thüringen,DE-TH,,
D,MH,"Mülheim an der Ruhr, Stadt",Nordrhein-Westfalen,DE-NW,,
D,MHL,Unstrut-Hainich-Kreis,Thüringen,DE-TH,,
D,MI,Minden-Lübbecke,Nordrhein-Westfalen,DE-NW,,
D,MIL,Miltenberg,Bayern,DE-BY,,
D,MK,Märkischer Kreis,Nordrhein-Westfalen,DE-NW,,
D,MKK,Main-Kinzig-Kreis,Hessen,DE-HE,,
D,ML,Mansfeld-Südharz,Sachsen-Anhalt,DE-ST,,
D,MM,"Memmingen, Stadt",Bayern,DE-BY,1,"auslaufend Kreis, Abwicklung: Zulassungsbehörde Unterallgäu"
D,MN,Unterallgäu,Bayern,DE-BY,,
D,MO,Wesel,Nordrhein-Westfalen,DE-NW,,
D,MOD,Ostallgäu,Bayern,DE-BY,,
D,MOL,Märkisch-Oderland,Brandenburg,DE-BB,,
D,MON,"Aachen, Düren",Nordrhein-Westfalen,DE-NW,"3,3",
D,MOS,Neckar-Odenwald-Kreis,Baden-Württemberg,DE-BW,,
D,MQ,Saalekreis,Sachsen-Anhalt,DE-ST,,
D,MR,Marburg-Biedenkopf,Hessen,DE-HE,,
D,MS,"Münster, Stadt",Nordrhein-Westfalen,DE-NW,,
D,MSE,Mecklenburgische Seenplatte,Mecklenburg-Vorpommern,DE-MV,,
D,MSH,Mansfeld-Südharz,Sachsen-Anhalt,DE-ST,,
D,MSP,Main-Spessart,Bayern,DE-BY,,
D,MST,Mecklenburgische Seenplatte,Mecklenburg-Vorpommern,DE-MV,,
D,MTK,Main-Taunus-Kreis,Hessen,DE-HE,,
D,MTL,Leipzig,Sachsen,DE-SN,,
D,MUC,"München, Stadt",Bayern,DE-BY,,
D,MW,Mittelsachsen,Sachsen,DE-SN,,
D,MY,Mayen-Koblenz,Rheinland-Pfalz,DE-RP,,
D,MYK,Mayen-Koblenz,Rheinland-Pfalz,DE-RP,,
D,MZ,Mainz,Rheinland-Pfalz,DE-RP,1,
D,MZG,Merzig-Wadern,Saarland,DE-SL,,
D,MÜ,Mühldorf am Inn,Bayern,DE-BY,,
D,MÜB,"Bayreuth, Hof",Bayern,DE-BY,"3,3",
D,MÜL,Breisgau-Hochschwarzwald,Baden-Württemberg,DE-BW,,
D,MÜR,Mecklenburgische Seenplatte,Mecklenburg-Vorpommern,DE-MV,,
D,N,"Nürnberg Stadt, Nürnberger Land",Bayern,DE-BY,"3,3",
D,NAB,"Amberg-Sulzbach, Schwandorf",Bayern,DE-BY,"3,3",
D,NAI,Hof,Bayern,DE-BY,,
D,NAU,Havelland,Brandenburg,DE-BB,,
D,NB,"Neubrandenburg, Stadt",Mecklenburg-Vorpommern,DE-MV,1,"auslaufend Kreis, Abwicklung: Zulassungsbehörde Mecklenburg-Strelitz"
D,ND,Neuburg-Schrobenhausen,Bayern,DE-BY,,
D,NDH,Nordhausen,Thüringen,DE-TH,,
D,NE,Rhein-Kreis Neuss,Nordrhein-Westfalen,DE-NW,,
D,NEA,Neustadt an der Aisch-Bad Winsheim,Bayern,DE-BY,,
D,NEB,Burgenlandkreis,Sachsen-Anhalt,DE-ST,,
D,NEC,"Zulassungsstelle Coburg, Zweckverband",Bayern,DE-BY,,
D,NEN,Schwandorf,Bayern,DE-BY,,
D,NES,Rhön-Grabfeld,Bayern,DE-BY,,
D,NEU,Breisgau-Hochschwarzwald,Baden-Württemberg,DE-BW,,
D,NEW,Neustadt an der Waldnaab,Bayern,DE-BY,,
D,NF,Nordfriesland,Schleswig-Holstein,DE-SH,,
D,NH,Sonneberg,Thüringen,DE-TH,,
D,NI,Nienburg (Weser),Niedersachsen,DE-NI,,
D,NK,Neunkirchen Saar,Saarland,DE-SL,,
D,NM,Neumarkt in der Oberpfalz,Bayern,DE-BY,,
D,NMB,Burgenlandkreis,Sachsen-Anhalt,DE-ST,,
D,NMS,Neumünster,Schleswig-Holstein,DE-SH,,
D,NOH,Grafschaft Bentheim,Niedersachsen,DE-NI,,
D,NOL,Görlitz,Sachsen,DE-SN,,
D,NOM,Northeim,Niedersachsen,DE-NI,,
D,NOR,Aurich,Niedersachsen,DE-NI,,
D,NP,Ostprignitz-Ruppin,Brandenburg,DE-BB,,
D,NR,Neuwied,Rheinland-Pfalz,DE-RP,,
D,NT,Esslingen,Baden-Württemberg,DE-BW,,
D,NU,Neu-Ulm,Bayern,DE-BY,,
D,NVP,Vorpommern-Rügen,Mecklenburg-Vorpommern,DE-MV,,
D,NW,Neustadt an der Weinstraße,Rheinland-Pfalz,DE-RP,,"auslaufend Kreis, Abwicklung: Zulassungsbehörde Bad Dürkheim"
D,NWM,Nordwestmecklenburg,Mecklenburg-Vorpommern,DE-MV,,
D,NY,Görlitz,Sachsen,DE-SN,,
D,NZ,Mecklenburgische Seenplatte,Mecklenburg-Vorpommern,DE-MV,,
D,NÖ,Donau-Ries,Bayern,DE-BY,,
D,OA,Oberallgäu,Bayern,DE-BY,,
D,OAL,Ostallgäu,Bayern,DE-BY,,
D,OB,"Oberhausen, Stadt",Nordrhein-Westfalen,DE-NW,,
D,OBB,Miltenberg,Bayern,DE-BY,,
D,OBG,Stendal,Sachsen-Anhalt,DE-ST,,
D,OC,Börde,Sachsen-Anhalt,DE-ST,,
D,OCH,Würzburg,Bayern,DE-BY,,
D,OD,Stormarn,Schleswig-Holstein,DE-SH,,
D,OE,Olpe,Nordrhein-Westfalen,DE-NW,,
D,OF,Offenbach am Main,Hessen,DE-HE,2,
D,OG,Ortenaukreis,Baden-Württemberg,DE-BW,,
D,OH,Ostholstein,Schleswig-Holstein,DE-SH,,
D,OHA,Göttingen,Niedersachsen,DE-NI,,
D,OHV,Oberhavel,Brandenburg,DE-BB,,
D,OHZ,Osterholz,Niedersachsen,DE-NI,,
D,OK,Börde,Sachsen-Anhalt,DE-ST,,
D,OL,Oldenburg (Oldenburg),Niedersachsen,DE-NI,1,
D,OP,"Leverkusen, Stadt",Nordrhein-Westfalen,DE-NW,,
D,OPR,Ostprignitz-Ruppin,Brandenburg,DE-BB,,
D,OS,Osnabrück,Niedersachsen,DE-NI,1,
D,OSL,Oberspreewald-Lausitz,Brandenburg,DE-BB,,
D,OTW,Neunkirchen,Saarland,DE-SL,,
D,OVI,Schwandorf,Bayern,DE-BY,,
D,OVL,Vogtlandkreis,Sachsen,DE-SN,,
D,OVP,Vorpommern-Greifswald,Mecklenburg-Vorpommern,DE-MV,,
D,OZ,Nordsachsen,Sachsen,DE-SN,,
D,P,"Potsdam, Stadt",Brandenburg,DE-BB,,"auslaufend Kreis, Abwicklung: Zulassungsbehörde Kreis Potsdam-Mittelmark"
D,PA,Passau,Bayern,DE-BY,1,
D,PAF,Pfaffenhofen a. d. Ilm,Bayern,DE-BY,,
D,PAN,Rottal-Inn,Bayern,DE-BY,,
D,PAR,"Kehlheim, Neumarkt i. d. Opf.",Bayern,DE-BY,"3,3",
D,PB,Paderborn,Nordrhein-Westfalen,DE-NW,,
D,PCH,Ludwigslust-Parchim,Mecklenburg-Vorpommern,DE-MV,,
D,PE,Peine,Niedersachsen,DE-NI,,
D,PEG,"Bayreuth, Forchheim, Nürnberger Land",Bayern,DE-BY,"3,3,3",
D,PF,"Pforzheim, Stadt, Enzkreis",Baden-Württemberg,DE-BW,"3,3",
D,PI,Pinneberg,Schleswig-Holstein,DE-SH,,
D,PIR,Sächsische Schweiz-Osterzgebirge,Sachsen,DE-SN,,
D,PL,Vogtlandkreis,Sachsen,DE-SN,,
D,PLÖ,Plön,Schleswig-Holstein,DE-SH,,
D,PM,Potsdam-Mittelmark,Brandenburg,DE-BB,,
D,PN,Saale-Orla-Kreis,Thüringen,DE-TH,,
D,PR,Prignitz,Brandenburg,DE-BB,,
D,PRÜ,Eifelkreis Bitburg-Prüm,Rheinland-Pfalz,DE-RP,,
D,PS,"Pirmasens, Stadt, Südwestpfalz",Rheinland-Pfalz,DE-RP,"3,3",
D,PW,Vorpommern-Greifswald,Mecklenburg-Vorpommern,DE-MV,,
D,PZ,Uckermark,Brandenburg,DE-BB,,
D,QFT,Saalekreis,Sachsen-Anhalt,DE-ST,,
D,QLB,Harz,Sachsen-Anhalt,DE-ST,,
D,R,Regensburg,Bayern,DE-BY,1,
D,RA,Rastat,Baden-Württemberg,DE-BW,,
D,RC,Vogtlandkreis,Sachsen,DE-SN,,
D,RD,Rendsburg-Eckernförde,Schleswig-Holstein,DE-SH,,
D,RDG,Vorpommern-Rügen,Mecklenburg-Vorpommern,DE-MV,,
D,RE ,Recklinghausen,Nordrhein-Westfalen,DE-NW,,
D,REG,Regen,Bayern,DE-BY,,
D,REH,"Hof, Wunsiedel im Fichtelgebirge",Bayern,DE-BY,"3,3",
D,REI,Berchtesgadener Land,Bayern,DE-BY,,
D,RG,Meißen,Sachsen,DE-SN,,
D,RH,Roth,Bayern,DE-BY,,
D,RI,Schaumburg,Niedersachsen,DE-NI,,
D,RID,Kelheim,Bayern,DE-BY,,
D,RIE,Meißen,Sachsen,DE-SN,,
D,RL,Mittelsachsen,Sachsen,DE-SN,,
D,RM,Mecklenburgische Seenplatte,Mecklenburg-Vorpommern,DE-MV,,
D,RN,Havelland,Brandenburg,DE-BB,,
D,RO,Rosenheim,Bayern,DE-BY,1,
D,ROD,"Cham, Schwandorf",Bayern,DE-BY,"3,3",
D,ROF,Hersfeld-Rotenburg,Hessen,DE-HE,,
D,ROK,Donnersbergkreis,Rheinland-Pfalz,DE-RP,,
D,ROL,"Kelheim, Landshut",Bayern,DE-BY,"3,3",
D,ROS,"Rostock, Landkreis",Mecklenburg-Vorpommern,DE-MV,,
D,ROT,Ansbach,Bayern,DE-BY,,
D,ROW,Rotenburg (Wümme),Niedersachsen,DE-NI,,
D,RP,Rhein-Pfalz-Kreis,Rheinland-Pfalz,DE-RP,,
D,RS,"Remscheid, Stadt",Nordrhein-Westfalen,DE-NW,,
D,RSL,"Dessau-Roßlau, Stadt",Sachsen-Anhalt,DE-ST,,
D,RT,Reutlingen,Baden-Württemberg,DE-BW,,
D,RU,Saalfeld-Rudolstadt,Thüringen,DE-TH,,
D,RV,Ravensburg,Baden-Württemberg,DE-BW,,
D,RW,Rottweil,Baden-Württemberg,DE-BW,,
D,RZ,Herzogtum Lauenburg,Schleswig-Holstein,DE-SH,,
D,RÜD,Rheingau-Taunus Kreis,Hessen,DE-HE,,
D,RÜG,Vorpommern-Rügen,Mecklenburg-Vorpommern,DE-MV,,
D,S,"Stuttgart, Stadt",Baden-Württemberg,DE-BW,,
D,SAB,Trier-Saarburg,Rheinland-Pfalz,DE-RP,,
D,SAD,Schwandorf,Bayern,DE-BY,,
D,SAN,"Hof, Kronach, Kulmbach",Bayern,DE-BY,"3,3,3",
D,SAW,Altmarkkreis Salzwedel,Sachsen-Anhalt,DE-ST,,
D,SB,"Saarbrücken, Stadt und Stadtverband außer Völklingen, Stadt (VK)",Saarland,DE-SL,,
D,SBG,Vorpommern-Greifswald,Mecklenburg-Vorpommern,DE-MV,,
D,SBK,Salzlandkreis,Sachsen-Anhalt,DE-ST,,
D,SC,"Schwabach, Stadt",Bayern,DE-BY,,"auslaufend Kreis, Abwicklung: Zulassungsbehörde Roth"
D,SCZ,Saale-Orla-Kreis,Thüringen,DE-TH,,
D,SDH,Kyffhäuserkreis,Thüringen,DE-TH,,
D,SDL,Stendal,Sachsen-Anhalt,DE-ST,,
D,SDT,Uckermark,Brandenburg,DE-BB,,
D,SE,Segeberg,Schleswig-Holstein,DE-SH,,
D,SEB,Sächsische Schweiz-Osterzgebirge,Sachsen,DE-SN,,
D,SEE,Märkisch-Oderland,Brandenburg,DE-BB,,
D,SEF,Neustadt a. d. Aisch-Bad Windsheim,Bayern,DE-BY,,
D,SEL,Wunsiedel i. Fichtelgebirge,Bayern,DE-BY,,
D,SFB,Oberspreewald-Lausitz,Brandenburg,DE-BB,,
D,SFT,Salzlandkreis,Sachsen-Anhalt,DE-ST,,
D,SG,"Solingen, Stadt",Nordrhein-Westfalen,DE-NW,,
D,SGH,Mansfeld-Südharz,Sachsen-Anhalt,DE-ST,,
D,SHA,Schwäbisch Hall,Baden-Württemberg,DE-BW,,
D,SHG,Schaumburg,Niedersachsen,DE-NI,,
D,SHK,Saale-Holzland-Kreis,Thüringen,DE-TH,,
D,SHL,"Suhl, Stadt",Thüringen,DE-TH,,"auslaufend Kreis, Abwicklung: Zulassungsbehörde Hildburghausen"
D,SI,Siegen-Wittgenstein,Nordrhein-Westfalen,DE-NW,,
D,SIG,Sigmaringen,Baden-Württemberg,DE-BW,,
D,SIM,Rhein-Hunsrück-Kreis,Rheinland-Pfalz,DE-RP,,
D,SK,Saalekreis,Sachsen-Anhalt,DE-ST,,
D,SL,Schleswig-Flensburg,Schleswig-Holstein,DE-SH,,
D,SLE,"Düren, Euskirchen",Nordrhein-Westfalen,DE-NW,"3,3",
D,SLF,Saalfeld-Rudolstadt,Thüringen,DE-TH,,
D,SLG,"Ravensburg, Sigmaringen",Baden-Württemberg,DE-BW,"3,3",
D,SLK,Salzlandkreis,Sachsen-Anhalt,DE-ST,,
D,SLN,Altenburger Land,Thüringen,DE-TH,,
D,SLS,Saarlouis,Saarland,DE-SL,,
D,SLZ,Wartburgkreis,Thüringen,DE-TH,,
D,SLÜ,Main-Kinzig-Kreis,Hessen,DE-HE,,
D,SM,Schmalkalden-Meiningen,Thüringen,DE-TH,,
D,SMÜ,Augsburg,Bayern,DE-BY,,
D,SN,"Schwerin, Stadt",Mecklenburg-Vorpommern,DE-MV,1,"auslaufend Kreis, Abwicklung: Zulassungsbehörde Ludwiglust-Parchim"
D,SO,Soest,Nordrhein-Westfalen,DE-NW,,
D,SOB,Neuburg-Schrobenhausen,Bayern,DE-BY,,
D,SOG,Weilheim-Schongau,Bayern,DE-BY,,
D,SOK,Saale-Orla-Kreis,Thüringen,DE-TH,,
D,SON,Sonneberg,Thüringen,DE-TH,,
D,SP,"Speyer, Stadt",Rheinland-Pfalz,DE-RP,,"auslaufend Kreis, Abwicklung: Zulassungsbehörde Rhein-Pfalz-Kreis"
D,SPB,Spree-Neiße,Brandenburg,DE-BB,,
D,SPN,Spree-Neiße,Brandenburg,DE-BB,,
D,SR,"Straubing, Straubing-Bogen",Bayern,DE-BY,"1,1",
D,SRB,Märkisch-Oderland,Brandenburg,DE-BB,,
D,SRO,Saale-Holzland-Kreis,Thüringen,DE-TH,,
D,ST,Steinfurt,Nordrhein-Westfalen,DE-NW,,
D,STA,Starnberg,Bayern,DE-BY,,
D,STB,Ludwigslust-Parchim,Mecklenburg-Vorpommern,DE-MV,,
D,STD,Stade,Niedersachsen,DE-NI,,
D,STE,Lichtenfels,Bayern,DE-BY,,
D,STL,Erzgebirgskreis,Sachsen,DE-SN,,
D,STO,"Konstanz, Sigmaringen",Baden-Württemberg,DE-BW,"3,3",
D,SU,Rhein-Sieg-Kreis,Nordrhein-Westfalen,DE-NW,,
D,SUL,Amberg-Sulzbach,Bayern,DE-BY,,
D,SW,Schweinfurt,Bayern,DE-BY,1,
D,SWA,Rheingau-Taunus-Kreis,Hessen,DE-HE,,
D,SY,Diepholz,Niedersachsen,DE-NI,,
D,SZ,"Salzgitter, Stadt",Niedersachsen,DE-NI,,
D,SZB,Erzgebirgskreis,Sachsen,DE-SN,,
D,SÄK,Waldshut,Baden-Württemberg,DE-BW,,
D,SÖM,Sömmerda,Thüringen,DE-TH,,
D,SÜW,Südliche Weinstraße,Rheinland-Pfalz,DE-RP,,
D,TBB,Main-Tauber-Kreis,Baden-Württemberg,DE-BW,,
D,TDO,Nordsachsen,Sachsen,DE-SN,,
D,TE,Steinfurt,Nordrhein-Westfalen,DE-NW,,
D,TET,"Rostock, Landkreis",Mecklenburg-Vorpommern,DE-MV,,
D,TF,Teltow-Fläming,Brandenburg,DE-BB,,
D,TG,Nordsachsen,Sachsen,DE-SN,,
D,TIR,Tirschenreuth,Bayern,DE-BY,,
D,TO,Nordsachsen,Sachsen,DE-SN,,
D,TP,Uckermark,Brandenburg,DE-BB,,
D,TR,"Trier, Stadt und Trier-Saarburg",Rheinland-Pfalz,DE-RP,,
D,TS,Traunstein,Bayern,DE-BY,,
D,TT,Bodenseekreis,Baden-Württemberg,DE-BW,,
D,TUT,Tuttlingen,Baden-Württemberg,DE-BW,,
D,TÖL,Bad Tölz-Wolfratshausen,Bayern,DE-BY,,
D,TÜ,Tübingen,Baden-Württemberg,DE-BW,,
D,UE,Uelzen,Niedersachsen,DE-NI,,
D,UEM,Vorpommern-Greifswald,Mecklenburg-Vorpommern,DE-MV,,
D,UER,Vorpommern-Greifswald,Mecklenburg-Vorpommern,DE-MV,,
D,UFF,Neustadt a. d. Aisch-Bad Windsheim,Bayern,DE-BY,,
D,UH,Unstrut-Hainich-Kreis,Thüringen,DE-TH,,
D,UL,"Ulm, Stadt, Alb-Donaukreis",Baden-Württemberg,DE-BW,"3,3",
D,UM,Uckermark,Brandenburg,DE-BB,,
D,UN,Unna,Nordrhein-Westfalen,DE-NW,,
D,USI,Hochtaunuskreis,Hessen,DE-HE,,
D,V,Vogtlandkreis,Sachsen,DE-SN,,
D,VAI,Ludwigsburg,Baden-Württemberg,DE-BW,,
D,VB,Vogelsbergkreis,Hessen,DE-HE,,
D,VEC,Vechta,Niedersachsen,DE-NI,,
D,VER,Verden,Niedersachsen,DE-NI,,
D,VG,Vorpommern-Greifswald,Mecklenburg-Vorpommern,DE-MV,,
D,VIB,"Landshut, Rottal-Inn",Bayern,DE-BY,"3,3",
D,VIE,Viersen,Nordrhein-Westfalen,DE-NW,,
D,VIT,Regen,Bayern,DE-BY,,
D,VK,"Völklingen, Stadt",Saarland,DE-SL,,
D,VOH,Neustadt a. d. Waldnaab,Bayern,DE-BY,,
D,VR,Vorpommern-Rügen,Mecklenburg-Vorpommern,DE-MV,,
D,VS,Schwarzwald-Baar-Kreis,Baden-Württemberg,DE-BW,,
D,W,"Wuppertal, Stadt",Nordrhein-Westfalen,DE-NW,,
D,WA,Waldeck-Frankenberg,Hessen,DE-HE,,
D,WAF,Warendorf,Nordrhein-Westfalen,DE-NW,,
D,WAK,Wartburgkreis,Thüringen,DE-TH,,
D,WAN,"Herne, Stadt",Nordrhein-Westfalen,DE-NW,,
D,WAR,Höxter,Nordrhein-Westfalen,DE-NW,,
D,WAT,"Bochum, Stadt",Nordrhein-Westfalen,DE-NW,,
D,WB,Wittenberg,Sachsen-Anhalt,DE-ST,,
D,WBG,"Wolfsburg, Stadt",Niedersachsen,DE-NI,,
D,WBS,Eichsfeld,Thüringen,DE-TH,,
D,WDA,Zwickau,Sachsen,DE-SN,,
D,WE,"Weimar, Stadt",Thüringen,DE-TH,,"auslaufend Kreis, Abwicklung: Zulassungsbehörde Weimarer Land"
D,WEL,Limburg-Weilburg,Hessen,DE-HE,,
D,WEN,"Weiden in der Oberpfalz, Stadt",Bayern,DE-BY,,
D,WER,"Augsburg, Dillingen a. d. Donau",Bayern,DE-BY,"3,3",
D,WES,Wesel,Nordrhein-Westfalen,DE-NW,,
D,WF,Wolfenbüttel,Niedersachsen,DE-NI,,
D,WG,Ravensburg,Baden-Württemberg,DE-BW,,
D,WHV,"Wilhelmshaven, Stadt",Niedersachsen,DE-NI,,
D,WI,"Wiesbaden, Stadt",Hessen,DE-HE,,
D,WIL,Bernkastel-Wittlich,Rheinland-Pfalz,DE-RP,,
D,WIS,Nordwestmecklenburg,Mecklenburg-Vorpommern,DE-MV,,
D,WIT,Ennepe-Ruhr-Kreis,Nordrhein-Westfalen,DE-NW,,
D,WIZ,Werra-Meißner-Kreis,Hessen,DE-HE,,
D,WK ,Ostprignitz-Ruppin,Brandenburg,DE-BB,,
D,WL,Harburg,Niedersachsen,DE-NI,,
D,WLG,Vorpommern-Greifswald,Mecklenburg-Vorpommern,DE-MV,,
D,WM,Weilheim-Schongau,Bayern,DE-BY,,
D,WMS,Börde,Sachsen-Anhalt,DE-ST,,
D,WN,Rems-Murr-Kreis,Baden-Württemberg,DE-BW,,
D,WND,St. Wendel,Saarland,DE-SL,,
D,WO,"Worms, Stadt",Rheinland-Pfalz,DE-RP,,
D,WOB,"Wolfsburg, Stadt",Niedersachsen,DE-NI,,
D,WOH,Kassel,Hessen,DE-HE,,
D,WOL,"Freudenstadt, Ortenaukreis",Baden-Württemberg,DE-BW,"3,3",
D,WOR,"Bad Tölz-Wolfratshausen, München, Starnberg",Bayern,DE-BY,"3,3",
D,WOS,Freyung-Grafenau,Bayern,DE-BY,,
D,WR,Harz,Sachsen-Anhalt,DE-ST,,
D,WRN,Mecklenburgische Seenplatte,Mecklenburg-Vorpommern,DE-MV,,
D,WS,"Mühldorf am Inn, Rosenheim",Bayern,DE-BY,"3,3",
D,WSF,Burgenlandkreis,Sachsen-Anhalt,DE-ST,,
D,WST,Ammerland,Niedersachsen,DE-NI,,
D,WSW,Görlitz,Sachsen,DE-SN,,
D,WT,Waldshut,Baden-Württemberg,DE-BW,,
D,WTL,Osnabrück,Niedersachsen,DE-NI,,
D,WTM,Wittmund,Niedersachsen,DE-NI,,
D,WUG,Weißenburg-Gunzenhausen,Bayern,DE-BY,,
D,WUN,Wunsiedel im Fichtelgebirge,Bayern,DE-BY,,
D,WUR,Leipzig,Sachsen,DE-SN,,
D,WW,Westerwald,Rheinland-Pfalz,DE-RP,,
D,WZ,Lahn-Dill-Kreis,Hessen,DE-HE,,
D,WZL,Börde,Sachsen-Anhalt,DE-ST,,
D,WÜ,Würzburg,Bayern,DE-BY,1,
D,WÜM,Cham,Bayern,DE-BY,,
D,Z,Zwickau,Sachsen,DE-SN,,
D,ZE,Anhalt-Bitterfeld,Sachsen-Anhalt,DE-ST,,
D,ZEL,Cochem-Zell,Rheinland-Pfalz,DE-RP,,
D,ZI,Görlitz,Sachsen,DE-SN,,
D,ZIG,Schwalm-Eder-Kreis,Hessen,DE-HE,,
D,ZP,Erzgebirgskreis,Sachsen,DE-SN,,
D,ZR,Greiz,Thüringen,DE-TH,,
D,ZW,"Südwestpfalz, Zweibrücken, Stadt",Rheinland-Pfalz,DE-RP,"3,3",
D,ZZ,Burgenlandkreis,Sachsen-Anhalt,DE-ST,,
D,ÖHR,Hohenlohekreis,Baden-Württemberg,DE-BW,,
D,ÜB,"Ravensburg, Bodenseekreis, Sigmaringen",Baden-Württemberg,DE-BW,"3,3,3",
